{
  "model_type": "mlp_autoencoder",
  "source": "px4",
  "feature_names": [
    "altitude",
    "vx",
    "vy",
    "vz",
    "ground_speed",
    "roll",
    "pitch",
    "yaw",
    "battery_voltage",
    "battery_remaining",
    "gps_fix_status",
    "satellites_visible",
    "eph",
    "epv",
    "position_speed_error",
    "altitude_velocity_error",
    "heading_yaw_error",
    "pos_test_ratio",
    "vel_test_ratio",
    "hgt_test_ratio",
    "mag_test_ratio",
    "hdg_test_ratio",
    "filter_fault_flags",
    "innovation_check_flags",
    "gps_check_fail_flags",
    "attitude_invalid",
    "angular_velocity_invalid",
    "local_position_invalid",
    "global_position_invalid",
    "local_velocity_invalid",
    "battery_warning",
    "fd_motor_failure",
    "fd_critical_failure",
    "fd_roll",
    "fd_pitch",
    "fd_alt",
    "fd_motor",
    "fd_battery",
    "fd_imbalanced_prop"
  ],
  "window_size": 20,
  "step_size": 3,
  "input_dim": 780,
  "latent_dim": 32,
  "epochs": 50,
  "batch_size": 32,
  "learning_rate": 0.001,
  "threshold_percentile": 99.0,
  "threshold": 0.1756993532180786,
  "feature_statistics": {
    "altitude": {
      "mean": 113.47602081298828,
      "std": 132.5990447998047,
      "min": -5.407684326171875,
      "max": 2253.437255859375
    },
    "vx": {
      "mean": -0.02097565121948719,
      "std": 2.241691827774048,
      "min": -46.113033294677734,
      "max": 48.37004089355469
    },
    "vy": {
      "mean": 0.0013976948102936149,
      "std": 2.6266465187072754,
      "min": -43.685062408447266,
      "max": 55.904090881347656
    },
    "vz": {
      "mean": 0.012915910221636295,
      "std": 0.8802036046981812,
      "min": -9.011892318725586,
      "max": 49.20475769042969
    },
    "ground_speed": {
      "mean": 2.4945743083953857,
      "std": 2.387885093688965,
      "min": 3.279522934462875e-05,
      "max": 69.27289581298828
    },
    "roll": {
      "mean": 0.42098554968833923,
      "std": 46.719425201416016,
      "min": -179.99998474121094,
      "max": 180.0
    },
    "pitch": {
      "mean": -1.501116394996643,
      "std": 4.527755260467529,
      "min": -89.69978332519531,
      "max": 87.76665496826172
    },
    "yaw": {
      "mean": -5.807774543762207,
      "std": 99.35418701171875,
      "min": -179.998046875,
      "max": 179.99964904785156
    },
    "battery_voltage": {
      "mean": 15.433351516723633,
      "std": 0.3992629945278168,
      "min": 0.0,
      "max": 16.200000762939453
    },
    "battery_remaining": {
      "mean": 0.552935779094696,
      "std": 0.10311881452798843,
      "min": 0.0,
      "max": 0.9830522537231445
    },
    "gps_fix_status": {
      "mean": 3.0003676414489746,
      "std": 0.019171519204974174,
      "min": 3.0,
      "max": 4.0
    },
    "satellites_visible": {
      "mean": 10.707555770874023,
      "std": 1.7498314380645752,
      "min": 10.0,
      "max": 22.0
    },
    "eph": {
      "mean": 0.8154259920120239,
      "std": 0.20872022211551666,
      "min": 0.29999998211860657,
      "max": 0.8999999761581421
    },
    "epv": {
      "mean": 1.5854315757751465,
      "std": 0.4801384508609772,
      "min": 0.3999999761581421,
      "max": 1.7799999713897705
    },
    "position_speed_error": {
      "mean": 0.011512047611176968,
      "std": 0.978309154510498,
      "min": 0.0,
      "max": 964.3160400390625
    },
    "altitude_velocity_error": {
      "mean": 0.1704908311367035,
      "std": 0.8156538605690002,
      "min": 0.0,
      "max": 95.75218200683594
    },
    "heading_yaw_error": {
      "mean": 9.791508674621582,
      "std": 35.92662048339844,
      "min": 0.0,
      "max": 179.9984588623047
    },
    "pos_test_ratio": {
      "mean": 0.005007646977901459,
      "std": 0.15243913233280182,
      "min": 0.0,
      "max": 33.398765563964844
    },
    "vel_test_ratio": {
      "mean": 0.011663824319839478,
      "std": 0.12589918076992035,
      "min": 0.0,
      "max": 19.225358963012695
    },
    "hgt_test_ratio": {
      "mean": 0.0017238090513274074,
      "std": 0.008607389405369759,
      "min": 0.0,
      "max": 1.9246987104415894
    },
    "mag_test_ratio": {
      "mean": 0.0007637667586095631,
      "std": 0.05029982328414917,
      "min": 0.0,
      "max": 6.403651714324951
    },
    "hdg_test_ratio": {
      "mean": 0.04740436375141144,
      "std": 0.1357235312461853,
      "min": 0.0,
      "max": 1.813720941543579
    },
    "filter_fault_flags": {
      "mean": 51.65904998779297,
      "std": 1839.2550048828125,
      "min": 0.0,
      "max": 65536.0
    },
    "innovation_check_flags": {
      "mean": 0.003483649343252182,
      "std": 0.27321845293045044,
      "min": 0.0,
      "max": 31.0
    },
    "gps_check_fail_flags": {
      "mean": 0.0,
      "std": 0.0,
      "min": 0.0,
      "max": 0.0
    },
    "attitude_invalid": {
      "mean": 0.0,
      "std": 0.0,
      "min": 0.0,
      "max": 0.0
    },
    "angular_velocity_invalid": {
      "mean": 0.0,
      "std": 0.0,
      "min": 0.0,
      "max": 0.0
    },
    "local_position_invalid": {
      "mean": 7.353648470598273e-06,
      "std": 0.0027117510326206684,
      "min": 0.0,
      "max": 1.0
    },
    "global_position_invalid": {
      "mean": 0.0,
      "std": 0.0,
      "min": 0.0,
      "max": 0.0
    },
    "local_velocity_invalid": {
      "mean": 9.899141559799318e-07,
      "std": 0.000994943780824542,
      "min": 0.0,
      "max": 1.0
    },
    "battery_warning": {
      "mean": 0.0,
      "std": 0.0,
      "min": 0.0,
      "max": 0.0
    },
    "fd_motor_failure": {
      "mean": 0.0,
      "std": 0.0,
      "min": 0.0,
      "max": 0.0
    },
    "fd_critical_failure": {
      "mean": 0.0668538510799408,
      "std": 0.24976874887943268,
      "min": 0.0,
      "max": 1.0
    },
    "fd_roll": {
      "mean": 0.06689514964818954,
      "std": 0.24984034895896912,
      "min": 0.0,
      "max": 1.0
    },
    "fd_pitch": {
      "mean": 0.0,
      "std": 0.0,
      "min": 0.0,
      "max": 0.0
    },
    "fd_alt": {
      "mean": 0.0,
      "std": 0.0,
      "min": 0.0,
      "max": 0.0
    },
    "fd_motor": {
      "mean": 0.0,
      "std": 0.0,
      "min": 0.0,
      "max": 0.0
    },
    "fd_battery": {
      "mean": 0.0,
      "std": 0.0,
      "min": 0.0,
      "max": 0.0
    },
    "fd_imbalanced_prop": {
      "mean": 0.0,
      "std": 0.0,
      "min": 0.0,
      "max": 0.0
    }
  },
  "train_samples": 282852,
  "validation_samples": 70714,
  "reconstruction_error_percentiles": {
    "p50": 0.001282320823520422,
    "p95": 0.04512116685509682,
    "p99": 0.1756993532180786
  },